R#,ADP,PLAYER,POS,TEAM,GP,MPG,FG%,FT%,3pm,PTS,TREB,AST,STL,BLK,TO,TOTAL
1,4,Victor Wembanyama,C,SA,70,31.1,0.473 (8.8/18.6),0.802 (4.5/5.6),2,24.1,11.6,4.4,1.4,3.9,3.4,14.1
2,1.8,Nikola Jokic,C,DEN,75,34.1,0.585 (10.4/17.8),0.819 (4.8/5.8),1.1,26.7,12.1,9,1.4,0.9,3,14.01
3,4.1,Shai Gilgeous-Alexander,PG,OKC,73,33.5,0.524 (10.2/19.5),0.880 (8.1/9.2),1.4,29.9,5.1,6.5,1.9,0.9,2.4,13.5
4,2.6,Luka Doncic,PG,DAL,68,36.8,0.491 (11.3/23.0),0.792 (7.6/9.7),4.1,34.4,9.3,9.9,1.4,0.5,3.8,13.11
5,8.8,Joel Embiid,C,PHI,62,32.8,0.518 (9.4/18.2),0.871 (9.0/10.3),1.3,29.2,10.1,4,1,1.5,3.5,12.23
6,11.9,Anthony Davis,PF/C,LAL,67,34.5,0.559 (9.5/17.0),0.802 (5.8/7.3),0.4,25.2,12.7,3.6,1.2,2.3,2.1,12.09
7,5.4,Giannis Antetokounmpo,PF/C,MIL,71,34.6,0.614 (11.8/19.2),0.671 (7.0/10.5),0.6,31.1,11.8,6.7,1.2,1.1,3.4,9.91
8,10.7,Tyrese Haliburton,PG/SG,IND,69,33.6,0.483 (7.5/15.6),0.862 (3.1/3.5),3,21.1,3.9,11.1,1.4,0.7,2.5,9.67
9,18.6,Trae Young,PG,ATL,72,35.2,0.432 (8.4/19.5),0.877 (7.8/8.9),3.4,28.1,2.9,10.8,1.2,0.2,4.2,8.79
10,9.3,Jayson Tatum,SF/PF,BOS,75,35.8,0.469 (9.4/20.1),0.836 (6.1/7.3),2.9,27.9,9,5.1,1.1,0.7,2.5,8.71
11,28.3,James Harden,PG/SG,LAC,68,34.5,0.438 (6.5/14.8),0.871 (4.7/5.3),2.8,20.4,6.1,10.4,1.1,0.7,2.9,8.5
12,15.7,Stephen Curry,PG,GS,68,31.4,0.469 (8.8/18.7),0.918 (4.0/4.4),4.8,26.4,4.5,5.3,0.8,0.4,2.8,8.29
13,18,Donovan Mitchell,PG/SG,CLE,67,33.7,0.468 (9.1/19.5),0.866 (4.6/5.4),3.3,26.2,4.4,5.4,1.6,0.4,2.8,7.93
14,29.4,Kyrie Irving,PG/SG,DAL,61,34.8,0.495 (9.2/18.6),0.907 (3.2/3.6),3,24.6,4.9,5.2,1.2,0.6,1.8,7.9
15,18,Kevin Durant,PF,PHO,65,35.2,0.520 (9.5/18.3),0.846 (4.6/5.5),2.1,25.7,6.4,4.8,0.8,1.2,3.2,7.69
16,13.3,LeBron James,SF/PF,LAL,67,34,0.535 (9.4/17.6),0.758 (4.3/5.6),2.1,25.2,7.2,8.2,1.1,0.5,3.3,7.52
17,21,Scottie Barnes,SG/SF/PF,TOR,70,34.8,0.479 (7.0/14.5),0.791 (3.5/4.4),1.7,19.1,8.3,6,1.3,1.5,2.4,7.34
18,29.3,Damian Lillard,PG,MIL,70,35.2,0.432 (7.7/17.8),0.918 (6.5/7.0),3.1,24.9,4.5,7.1,0.9,0.3,2.9,7.26
19,18.1,Devin Booker,PG/SG,PHO,68,35.1,0.490 (9.9/20.1),0.873 (5.9/6.8),2.2,27.8,4.5,5.5,1,0.4,2.7,7.23
20,33.2,LaMelo Ball,PG,CHA,58,32.4,0.427 (8.2/19.2),0.857 (3.2/3.7),3.6,23.2,5.7,8.6,1.6,0.3,3.5,7.19
21,8.7,Domantas Sabonis,PF/C,SAC,77,35.6,0.604 (7.7/12.7),0.725 (3.9/5.4),0.4,19.7,13,7.9,0.9,0.6,3.2,7.14
22,44.6,Lauri Markkanen,SF/PF,UTA,64,33.5,0.483 (8.3/17.1),0.884 (4.9/5.6),3.1,24.5,8.4,1.9,0.8,0.5,1.7,6.72
23,29.2,Chet Holmgren,C,OKC,75,30.6,0.530 (6.5/12.2),0.793 (2.8/3.5),1.7,17.4,8.1,2.6,0.7,2.3,1.7,6.64
24,42.1,Kawhi Leonard,SF/PF,LAC,48,32,0.519 (8.1/15.6),0.880 (3.8/4.3),1.9,21.9,5.8,3.4,1.2,0.6,1.7,6.39
25,42.6,Paul George,SF/PF,PHI,69,33.6,0.465 (7.8/16.8),0.888 (3.9/4.4),3,22.5,5.1,3.4,1.5,0.4,2.5,6.11
26,9.1,Anthony Edwards,SG/SF,MIN,79,35.4,0.460 (9.3/20.3),0.823 (5.0/6.1),2.5,26.2,5.5,5.2,1.4,0.7,3.1,6.1
27,14.3,Jalen Brunson,PG,NY,74,34.9,0.484 (9.5/19.6),0.839 (5.2/6.1),2.6,26.8,3.6,6.5,0.9,0.2,2.3,5.42
28,42.1,Karl-Anthony Towns,PF/C,MIN,67,32.7,0.501 (7.4/14.8),0.873 (4.1/4.7),2.2,21.2,8.1,3.3,0.7,0.6,2.9,5.38
29,59.5,Jimmy Butler,SG/SF/PF,MIA,60,33.1,0.492 (6.5/13.2),0.855 (6.9/8.1),0.8,20.7,5.4,5.1,1.3,0.3,1.6,5.35
30,62.5,Fred VanVleet,PG,HOU,70,36,0.406 (5.7/14.1),0.874 (3.0/3.4),2.9,17.3,3.7,7.6,1.4,0.7,1.8,4.89
31,47.6,Jaren Jackson Jr.,PF/C,MEM,68,30.2,0.471 (7.3/15.5),0.800 (4.5/5.6),1.7,20.7,6.2,1.7,1.1,1.8,2.1,4.75
32,23.8,Tyrese Maxey,PG/SG,PHI,70,36.2,0.462 (8.5/18.4),0.858 (4.0/4.7),2.9,23.9,3.4,5.8,0.9,0.3,1.5,4.68
33,21.2,De'Aaron Fox,PG,SAC,72,34.5,0.472 (9.2/19.4),0.759 (4.3/5.6),2.5,25.1,4.2,5.5,1.7,0.4,2.5,4.61
34,63.2,Derrick White,PG/SG,BOS,75,32.8,0.461 (5.2/11.3),0.888 (2.2/2.4),2.7,15.2,4.3,4.9,0.9,1.2,1.5,4.59
35,16.1,Ja Morant,PG,MEM,63,32.6,0.470 (9.2/19.6),0.788 (5.8/7.4),1.5,25.8,5.9,8.2,0.9,0.5,3,4.47
36,70.6,Evan Mobley,PF/C,CLE,68,32,0.573 (6.5/11.4),0.726 (2.6/3.6),0.4,16.1,9.2,3.4,0.9,1.5,1.8,4.47
37,47.5,Desmond Bane,SG/SF,MEM,68,32.8,0.472 (7.7/16.4),0.877 (3.1/3.5),2.9,21.4,4.5,4.4,1,0.4,2.3,4.35
38,49.3,Jalen Williams,PF,OKC,73,31.5,0.532 (7.4/14.0),0.820 (2.6/3.2),1.6,19.1,4.4,4.5,1.1,0.6,1.7,4.27
39,65.7,Jalen Johnson,PF,ATL,68,34.2,0.499 (7.0/14.0),0.748 (2.1/2.8),1.3,17.4,9.1,3.4,1.2,1,1.7,4.25
40,36.4,Dejounte Murray,PG/SG,NO,74,32,0.462 (7.6/16.4),0.809 (2.2/2.7),2.2,19.5,5.2,6.5,1.4,0.3,2.1,4.24
41,44.8,Jamal Murray,PG,DEN,61,31.7,0.471 (7.6/16.1),0.841 (2.7/3.2),2.5,20.4,4,6.3,1,0.5,2.2,4.21
42,30,Alperen Sengün,C,HOU,72,32.6,0.544 (7.6/13.9),0.713 (3.9/5.4),0.4,19.4,9.9,5.4,1.2,0.8,2.8,4.19
43,33.4,Bam Adebayo,C,MIA,73,34.4,0.531 (7.8/14.8),0.743 (4.1/5.5),0.2,20,10.4,3.9,1.2,0.9,2.4,4.18
44,74.9,Kristaps Porzingis,PF/C,BOS,40,27.1,0.484 (6.1/12.6),0.848 (3.8/4.5),1.8,17.8,6.7,2,0.7,1.5,1.6,4.16
45,70.4,Myles Turner,C,IND,72,28.8,0.535 (6.1/11.5),0.778 (3.2/4.1),1.5,17,7,1.3,0.5,2,1.5,3.99
46,35.1,Cade Cunningham,PG/SG,DET,64,33.7,0.450 (8.8/19.5),0.865 (3.8/4.4),1.9,23.2,4.7,7.8,0.9,0.4,3.5,3.99
47,70.8,Immanuel Quickley,PG/SG,TOR,72,33.3,0.440 (6.4/14.7),0.849 (3.2/3.8),2.6,18.7,4.6,6.8,1.1,0.2,1.6,3.92
48,36.1,DeMar DeRozan,SF/PF,SAC,76,33.1,0.486 (6.9/14.2),0.863 (5.2/6.1),1,20,3.7,3.8,1.1,0.5,1.5,3.57
50,57,Rudy Gobert,C,MIN,73,33.6,0.660 (5.5/8.3),0.642 (3.4/5.2),0,14.3,12.9,1.4,0.8,1.8,1.7,3.11
51,79.4,Jarrett Allen,C,CLE,70,30.8,0.637 (6.2/9.7),0.735 (2.6/3.6),0,14.9,9.9,2.2,0.7,1.1,1.4,3.1
52,40.1,Nikola Vucevic,C,CHI,75,33.2,0.482 (7.1/14.8),0.817 (1.5/1.8),1.4,17.1,10.4,3.3,0.7,0.7,1.6,3.09
53,77,Darius Garland,PG,CLE,68,33,0.455 (6.9/15.1),0.850 (3.2/3.8),2.3,19.3,2.6,7,1.2,0.1,2.9,2.98
54,31,Jaylen Brown,SG/SF,BOS,70,33.8,0.495 (9.4/19.0),0.737 (3.4/4.6),2.2,24.4,6.1,3.5,1.1,0.5,2.6,2.96
55,91,Bradley Beal,SG/SF,PHO,50,32,0.509 (7.2/14.2),0.821 (2.6/3.1),1.9,18.9,3.8,4.2,1,0.5,2.4,2.92
56,122.2,Deandre Ayton,C,POR,65,29.7,0.580 (7.5/12.9),0.776 (1.7/2.2),0.1,16.7,10,1.6,0.7,0.8,1.7,2.82
57,58.6,D'Angelo Russell,PG/SG,LAL,72,32.6,0.457 (6.2/13.5),0.829 (2.3/2.8),2.9,17.5,3.1,6,1,0.5,2.4,2.74
58,97.3,Tobias Harris,SF/PF,DET,69,31,0.482 (6.6/13.7),0.877 (2.4/2.8),1.5,17.1,6.1,2.9,1,0.6,1.3,2.72
59,96.6,Jalen Duren,C,DET,68,30,0.628 (5.3/8.5),0.781 (2.1/2.7),0,12.8,10.9,2,0.6,0.9,1.9,2.66
60,71.9,Jrue Holiday,PG/SG,BOS,68,32.5,0.477 (5.1/10.6),0.847 (1.2/1.4),2.2,13.5,5.3,5.1,1,0.6,2.4,2.65
61,39.2,Zion Williamson,PF,NO,67,32.1,0.573 (8.8/15.4),0.714 (5.0/7.1),0.1,22.8,6.2,5,1.1,0.7,3,2.6
62,27,Pascal Siakam,PF,IND,74,32,0.539 (8.1/15.0),0.742 (3.8/5.1),1.1,21.1,7.5,3.9,0.8,0.4,1.5,2.57
63,78.3,Zach LaVine,SG/SF,CHI,64,34.4,0.459 (7.5/16.3),0.845 (4.2/5.0),2.5,21.6,4.5,4,0.9,0.3,2.3,2.52
64,117.2,Jordan Poole,PG/SG,WAS,77,31.5,0.422 (6.9/16.3),0.871 (3.7/4.2),2.6,20.1,2.9,5.7,1.1,0.3,2.9,2.44
65,72.5,Nicolas Claxton,C,BKN,72,30.1,0.621 (5.4/8.7),0.555 (1.7/3.0),0,12.5,9.8,2,0.8,2.2,1.3,2.39
66,115.2,Mark Williams,C,CHA,58,27.4,0.641 (5.3/8.2),0.704 (2.3/3.3),0,12.8,10,0.8,0.9,1.2,1.2,2.36
67,58.9,Miles Bridges,SF/PF,CHA,73,36.2,0.462 (7.7/16.6),0.824 (2.4/2.9),2.2,19.8,6.9,3.2,0.9,0.5,1.9,2.29
68,92.1,Devin Vassell,SG/SF,SA,65,32.9,0.460 (7.4/16.0),0.800 (2.3/2.9),2.6,19.7,4,4,1.1,0.4,1.6,2.28
69,90,Tyler Herro,PG/SG,MIA,67,33.6,0.440 (7.4/16.8),0.903 (2.4/2.7),3.1,20.2,5.3,4.3,0.7,0.2,2.3,2.27
70,72.4,Julius Randle,PF,NY,68,35.4,0.477 (8.4/17.5),0.780 (4.8/6.2),1.6,23.1,9.7,4.3,0.6,0.3,3,2.27
71,106,Isaiah Hartenstein,C,OKC,74,27.9,0.621 (3.6/5.9),0.700 (1.3/1.9),0.1,8.7,9,2.4,1.1,1.2,1.3,2.24
72,122.6,Walker Kessler,C,UTA,69,26.1,0.662 (4.2/6.3),0.577 (1.1/1.9),0,9.5,8.7,1,0.4,2.5,1,2.23
73,71.9,Mikal Bridges,SG/SF,NY,78,34,0.454 (5.5/12.0),0.827 (2.7/3.2),2.4,16,4.1,3.2,1.1,0.7,1.6,2.21
74,79.5,Brandon Ingram,SF,NO,60,31.8,0.492 (7.5/15.3),0.812 (3.8/4.7),1.3,20.1,4.8,4.6,0.8,0.6,2.3,2.15
75,132.1,Dereck Lively II,C,DAL,67,25.8,0.738 (4.7/6.3),0.535 (0.8/1.6),0,10.1,7.9,1.5,0.8,1.6,1,2.14
76,80.8,Anfernee Simons,PG/SG,POR,60,33.9,0.440 (7.6/17.2),0.905 (3.0/3.3),3.4,21.4,3,4.9,0.6,0.2,2.3,2.1
77,84.2,Josh Giddey,SG/SF,CHI,78,31,0.479 (6.7/14.1),0.795 (1.5/1.9),1.1,16.1,7.4,6.1,0.8,0.5,2.7,2.04
78,112.8,Jabari Smith Jr.,PF/C,HOU,78,32.2,0.463 (5.0/10.8),0.824 (2.1/2.6),1.9,14,8.4,1.5,0.8,0.9,1.3,2.04
79,101.4,Collin Sexton,PG/SG,UTA,70,30.7,0.487 (6.9/14.2),0.843 (4.5/5.4),1.7,20,2.9,4.9,0.8,0.2,2.4,2.04
80,100.2,Bogdan Bogdanovic,SG/SF,ATL,68,30.2,0.434 (6.0/13.7),0.889 (2.0/2.3),3.1,17.1,3.5,3.2,1.1,0.4,1.4,2.02
81,26.4,Paolo Banchero,SF/PF,ORL,76,35.1,0.462 (8.0/17.4),0.731 (5.4/7.4),1.6,23.1,7.4,5.7,1,0.7,3,2
82,76.9,Austin Reaves,SG/SF,LAL,72,32.6,0.482 (5.2/10.8),0.859 (3.4/3.9),2,15.7,4,5.1,0.8,0.3,2,1.99
83,100.5,Keegan Murray,SF/PF,SAC,78,33.5,0.454 (5.4/12.0),0.836 (1.1/1.3),2.7,14.6,5.4,1.6,1,0.8,0.8,1.97
84,118.4,Khris Middleton,SF,MIL,64,29.1,0.482 (6.4/13.4),0.869 (2.4/2.7),1.8,17,4.6,4.9,0.9,0.3,2.4,1.94
85,139.6,Onyeka Okongwu,C,ATL,67,26.8,0.617 (4.0/6.6),0.785 (2.0/2.6),0.5,10.6,7.6,1.3,0.7,1.3,1.1,1.92
86,127.6,OG Anunoby,SF/PF,NY,60,33.1,0.480 (5.8/12.0),0.770 (1.3/1.7),2,14.8,4.1,2,1.5,0.7,1.8,1.87
87,133.3,Alex Caruso,PG/SG,OKC,68,28.7,0.463 (3.1/6.6),0.785 (1.1/1.4),1.5,8.7,3.8,3.5,1.6,0.9,1.4,1.82
88,54.8,Coby White,PG/SG,CHI,76,35.5,0.446 (6.5/14.6),0.843 (2.3/2.7),2.7,18,4.6,4.9,0.9,0.2,2,1.81
89,89.6,Michael Porter Jr.,SF,DEN,74,31.8,0.485 (6.6/13.6),0.818 (1.4/1.7),2.9,17.5,6.5,1.4,0.6,0.6,1.2,1.8
90,135.2,Jalen Suggs,PG/SG,ORL,72,28.3,0.465 (4.9/10.5),0.761 (1.8/2.3),2.1,13.6,3.4,3.5,1.5,0.7,2,1.77
91,88.9,Daniel Gafford,C,DAL,75,24.5,0.729 (4.3/5.9),0.675 (1.7/2.5),0,10.3,6.8,1.4,0.7,1.7,1.1,1.77
92,123.3,Draymond Green,PF/C,GS,58,27.3,0.514 (3.3/6.3),0.713 (1.0/1.4),0.7,8.2,6.9,6.2,1.1,0.8,2.5,1.75
93,119.5,Jakob Poeltl,C,TOR,68,26.8,0.640 (5.4/8.4),0.575 (1.5/2.6),0,12.2,9.1,2.7,0.9,1.4,1.7,1.64
94,99.8,Amen Thompson,SF/PF,HOU,68,27.2,0.529 (4.8/9.0),0.720 (2.2/3.1),0.3,12,7.2,3.2,1.5,0.8,1.8,1.62
95,83.4,CJ McCollum,PG/SG,NO,65,32,0.451 (6.8/15.0),0.814 (1.9/2.3),2.8,18.3,3.9,4.1,0.8,0.5,1.9,1.51
96,133.9,Herbert Jones,SF/PF,NO,71,29.5,0.484 (3.7/7.6),0.854 (1.8/2.1),1.2,10.4,3.8,2.5,1.4,0.8,1.3,1.5
97,134.7,Ivica Zubac,C,LAC,72,28.5,0.642 (5.1/7.9),0.709 (2.2/3.1),0,12.3,10.1,1.3,0.4,1.4,1.5,1.49
98,77.3,Cam Thomas,SG,BKN,69,32.1,0.440 (9.1/20.7),0.861 (4.7/5.5),2.6,25.6,3.3,2.9,0.7,0.3,2,1.47
99,125.7,Mike Conley,PG,MIN,72,29.1,0.442 (3.9/8.7),0.885 (1.7/1.9),2.2,11.6,2.8,6,1.1,0.2,1.4,1.45
100,75.1,Jonas Valanciunas,C,WAS,74,26.8,0.548 (5.7/10.4),0.796 (2.3/2.9),0.5,14.2,10.3,2.1,0.4,0.8,1.8,1.42
101,82.9,Brandon Miller,SG/SF,CHA,74,33,0.445 (6.7/15.1),0.837 (2.1/2.5),2.6,18.1,4.4,2.5,1,0.6,1.9,1.38
102,123,Tyus Jones,PG,PHO,73,29.4,0.476 (4.8/10.1),0.802 (0.9/1.1),1.7,12.2,2.9,6.8,1.2,0.2,1.1,1.37
103,105.5,Brook Lopez,C,MIL,70,28.5,0.471 (4.2/9.0),0.803 (1.4/1.8),1.7,11.7,4.9,1.3,0.5,2,1,1.36
104,128.3,Jerami Grant,PF,POR,55,32.8,0.463 (6.6/14.3),0.814 (4.3/5.3),2.1,19.7,3.9,2.5,0.8,0.7,1.9,1.22
105,75.3,Kyle Kuzma,SF/PF,WAS,69,32.1,0.456 (8.3/18.1),0.773 (2.8/3.6),2.3,21.6,6.9,4,0.5,0.6,2.8,1.18
106,128.7,John Collins,PF,UTA,67,28.9,0.520 (5.5/10.5),0.798 (2.1/2.6),1.1,14.2,7.5,1.2,0.6,1,1.3,1.15
107,134.7,Trey Murphy III,SG/SF,NO,62,28,0.455 (4.5/9.9),0.866 (2.1/2.4),2.6,13.7,3.9,1.7,1,0.5,0.7,1.07
108,139.9,Norman Powell,SG/SF,LAC,69,31.8,0.482 (6.5/13.4),0.821 (3.3/4.1),2.6,18.8,3.4,1.7,0.8,0.4,1.5,1.05
109,113.6,Clint Capela,C,ATL,70,26,0.597 (5.0/8.4),0.631 (1.5/2.4),0,11.5,10.7,1.1,0.6,1.3,0.9,1.03
110,93.8,Buddy Hield,SG/SF,GS,78,29.3,0.445 (5.2/11.7),0.839 (1.0/1.2),2.9,14.3,4.2,2.9,1,0.4,1.5,0.97
111,,Taylor Hendricks,PF,UTA,68,27.3,0.471 (3.9/8.2),0.798 (0.8/1.0),1.8,10.3,6.3,1.1,1,1,0.9,0.95
112,107.9,Trayce Jackson-Davis,PF/C,GS,70,26.4,0.703 (5.2/7.4),0.563 (1.7/3.0),0,12.1,7.6,1.8,0.6,1.6,1.1,0.86
113,43,Jalen Green,SG,HOU,76,32,0.429 (7.0/16.4),0.807 (4.0/5.0),2.4,20.5,4.9,3.7,0.9,0.3,2.4,0.8
114,102.2,Jusuf Nurkic,C,PHO,68,27.5,0.514 (4.7/9.1),0.647 (2.4/3.6),0.5,12.2,10.5,3.6,1,1,2.4,0.69
115,139,Cameron Johnson,SF/PF,BKN,60,28.6,0.457 (5.2/11.3),0.818 (1.9/2.4),2.5,14.7,4.5,2.2,1,0.3,1,0.65
116,104.1,Terry Rozier,PG/SG,MIA,68,31.6,0.435 (6.5/15.0),0.842 (2.4/2.9),2.2,17.7,3.5,4.5,1,0.3,1.7,0.59
117,112.5,Donte DiVincenzo,SG,NY,73,26.3,0.445 (4.4/10.0),0.776 (0.9/1.2),2.7,12.5,3.9,2.9,1.3,0.3,1.4,0.56
118,107.7,Naz Reid,PF/C,MIN,77,25.1,0.473 (5.4/11.3),0.736 (1.5/2.1),1.9,14.2,5.9,1.4,0.8,1,1.6,0.43
119,118.6,Dennis Schröder,PG,BKN,70,31,0.435 (5.2/12.0),0.847 (2.9/3.5),1.7,15.1,3,5.9,0.8,0.2,2,0.22
120,117.9,Jonathan Kuminga,PF,GS,72,28.6,0.527 (6.2/11.7),0.759 (2.9/3.8),0.9,16.2,5.1,2.5,0.8,0.6,1.9,0.19
121,138,Marcus Smart,PG/SG,MEM,65,31,0.420 (4.3/10.3),0.751 (1.6/2.1),1.9,12.1,3,4.7,1.6,0.3,2.5,0.16
122,139.8,Jalen Smith,PF/C,CHI,64,25,0.537 (5.0/9.2),0.711 (1.7/2.4),1.3,12.9,7.6,1.3,0.4,1,1.2,0.13
123,140.1,Corey Kispert,SG/SF,WAS,77,31,0.484 (5.4/11.1),0.821 (1.7/2.0),2.7,15.1,3.4,2.4,0.7,0.2,1.2,0.09
124,127.6,Chris Paul,PG,SA,50,24.4,0.440 (3.5/8.1),0.833 (1.3/1.5),1.3,9.6,3.4,6.5,1.1,0.2,1.4,0.06
125,120.4,Grayson Allen,PG/SG,PHO,73,27.4,0.485 (3.9/8.0),0.893 (1.5/1.7),2.2,11.4,3.3,2.4,0.8,0.4,1,0.03
126,86,Klay Thompson,SG/SF,DAL,70,29.4,0.434 (6.2/14.3),0.901 (1.5/1.6),3.4,17.2,3.2,2,0.6,0.4,1.4,0.03
127,140,Terance Mann,SG/SF,LAC,76,29,0.513 (5.0/9.8),0.806 (1.5/1.9),1.3,12.9,4.8,2.7,0.8,0.4,1.1,0.02
128,111.6,Bobby Portis,PF,MIL,74,25.2,0.502 (5.8/11.5),0.777 (1.3/1.7),1.3,14.1,8.3,1.4,0.7,0.3,1.1,-0.04
129,139.1,Keyonte George,PG/SG,UTA,73,31.6,0.422 (5.4/12.9),0.851 (3.0/3.5),2.4,16.3,3.3,5.2,0.6,0.2,2.6,-0.06
130,138.8,Kentavious Caldwell-Pope,SG,ORL,76,30.1,0.461 (3.6/7.8),0.861 (1.3/1.5),1.7,10.1,2.5,2.3,1.3,0.5,1,-0.09
131,127.2,Jaden Ivey,SG,DET,76,30,0.435 (6.4/14.8),0.759 (3.3/4.4),2.2,18.4,3.7,4.6,0.8,0.6,2.7,-0.16
132,100.6,RJ Barrett,SG/SF,TOR,72,33.5,0.482 (7.9/16.3),0.726 (3.9/5.4),1.6,21.2,6.4,3.8,0.6,0.4,2.3,-0.19
133,118.6,P.J. Washington,PF,DAL,73,31.2,0.431 (4.5/10.5),0.706 (1.5/2.1),1.9,12.4,5.5,2.1,1.1,0.9,1.4,-0.21
134,135.6,Brandin Podziemski,SG,GS,74,28.5,0.459 (4.2/9.2),0.664 (0.8/1.2),1.4,10.6,6.6,4.2,1.2,0.2,1.4,-0.24
135,133.1,Malik Monk,SG/SF,SAC,74,25.8,0.446 (5.1/11.4),0.860 (2.4/2.8),2,14.5,2.8,4.5,0.6,0.4,2,-0.28
136,136.7,Al Horford,PF/C,BOS,63,25.4,0.493 (3.1/6.3),0.806 (0.3/0.4),1.8,8.3,5.6,2.5,0.5,0.9,0.6,-0.29
137,131,Ausar Thompson,SF/PF,DET,69,28.1,0.493 (4.4/9.0),0.624 (1.3/2.1),0.4,10.6,7.2,2.2,1.2,1.1,1.5,-0.32
138,140,Keon Ellis,SG,SAC,68,24.4,0.460 (2.7/5.8),0.729 (0.7/1.0),1.8,7.9,3.1,2.1,1.3,0.7,0.9,-0.37
139,138.8,Rui Hachimura,SF/PF,LAL,66,29.2,0.514 (5.8/11.3),0.740 (1.7/2.3),1.5,14.8,5.2,1.3,0.7,0.5,0.9,-0.43
140,136.6,Alexandre Sarr,PF/C,WAS,69,28.9,0.448 (4.3/9.6),0.711 (2.3/3.3),0.8,11.8,6.2,1.2,0.7,1.8,1.2,-0.45
141,,Wendell Carter Jr.,C,ORL,58,27.1,0.525 (4.8/9.2),0.722 (2.1/2.9),1.3,13,7.7,2,0.6,0.5,1.5,-0.49
142,140.2,Aaron Nesmith,SF,IND,72,28.7,0.477 (4.2/8.8),0.796 (1.6/2.0),1.9,11.9,4.1,1.5,0.9,0.6,1,-0.54
143,139.7,De'Anthony Melton,PG/SG,GS,68,22.8,0.420 (3.2/7.6),0.817 (1.0/1.3),1.8,9.2,3.5,2.4,1.4,0.4,1.1,-0.54
144,139.1,Kelly Olynyk,PF/C,TOR,69,22.4,0.526 (3.3/6.3),0.834 (2.0/2.4),0.9,9.6,5,3.4,0.8,0.4,1.9,-0.58
145,140.2,Marvin Bagley III,PF/C,WAS,55,25.4,0.558 (5.5/9.8),0.755 (2.2/2.9),0.3,13.4,7.2,1.1,0.5,0.8,1.3,-0.59
146,140.1,Bruce Brown,SG/SF,TOR,72,28.5,0.481 (4.4/9.2),0.790 (1.6/2.1),1,11.5,4.3,3.2,1,0.5,1.5,-0.67
147,139.8,Kevin Porter Jr.,SG,LAC,65,26.2,0.442 (4.9/11.1),0.785 (2.6/3.3),1.8,14.2,3.9,4.3,1,0.2,2.4,-0.68
148,139.9,Mitchell Robinson,C,NY,48,26,0.640 (2.9/4.5),0.459 (1.0/2.1),0,6.8,9.1,0.8,1,1.6,0.7,-0.71
149,139.8,Jeremy Sochan,PF,SA,72,29.8,0.444 (4.9/11.0),0.769 (1.7/2.2),0.9,12.2,6.8,3.2,0.9,0.6,2,-0.71
150,140.1,Noah Clowney,PF,BKN,67,24.2,0.552 (3.7/6.6),0.728 (1.6/2.1),0.9,9.7,5.8,1.3,0.6,1.1,1.1,-0.71
151,140.1,Tari Eason,SF,HOU,67,22.4,0.457 (3.9/8.5),0.732 (1.3/1.8),0.8,9.8,7.1,1.2,1.3,0.7,1.2,-0.75
152,139.5,Tre Jones,PG,SA,74,24.4,0.479 (3.9/8.0),0.861 (1.5/1.7),0.7,9.8,3.2,5.5,1,0.1,1.4,-0.79
153,107.3,Aaron Gordon,PF,DEN,72,31,0.560 (6.0/10.6),0.632 (2.7/4.2),0.7,15.3,6.6,3.3,0.8,0.7,1.5,-0.79
154,133.8,Kelly Oubre Jr.,SG/SF,PHI,65,29.4,0.436 (6.0/13.8),0.760 (2.5/3.3),1.7,16.3,4.9,1.3,1.2,0.5,1.2,-0.84
155,126.1,Zach Edey,C,MEM,68,26.2,0.575 (4.2/7.3),0.729 (1.8/2.5),0,10.2,7.2,1.3,0.3,1.3,1,-0.88
156,140.1,Dyson Daniels,PG/SG,ATL,68,27.4,0.453 (2.8/6.1),0.651 (0.7/1.1),0.8,7.1,5,3.5,1.5,0.4,1.4,-0.89
157,130.3,Scoot Henderson,PG,POR,67,30.1,0.409 (5.6/13.8),0.821 (2.9/3.5),1.5,15.7,3.3,5.8,1,0.3,3.3,-0.89
158,139.6,Kyle Lowry,PG,PHI,58,27.7,0.417 (3.0/7.1),0.855 (1.5/1.7),1.7,9.1,3.4,4.4,1,0.3,1.5,-0.9
159,138.8,Jaden McDaniels,SF,MIN,74,29.8,0.504 (4.5/9.0),0.732 (1.1/1.5),1.3,11.4,3.5,1.7,0.9,0.8,1.3,-0.95
160,140.1,Patrick Williams,PF,CHI,68,28.3,0.457 (3.9/8.5),0.829 (1.2/1.4),1.4,10.3,4,1.4,0.9,0.8,1.3,-0.96
161,140,Karlo Matkovic,PF,NO,50,19.2,0.488 (3.6/7.4),0.751 (1.4/1.9),1.1,9.7,4.6,1.5,0.7,1.2,1.4,-0.98
162,139.4,Luguentz Dort,SG/SF,OKC,76,28,0.434 (3.9/9.0),0.827 (1.6/1.9),1.8,11.2,3.9,1.7,0.9,0.6,1,-0.99
163,114.6,Malcolm Brogdon,PG/SG,WAS,43,27.7,0.466 (4.6/9.8),0.850 (2.0/2.4),1.7,12.9,3.4,3.7,0.6,0.2,1.3,-1.03
164,139.4,T.J. McConnell,PG,IND,70,18.6,0.550 (4.1/7.4),0.816 (0.7/0.9),0.3,9.2,2.8,5.3,1,0.1,1.7,-1.03
165,139,Max Strus,SG/SF,CLE,72,29.4,0.414 (4.2/10.0),0.829 (1.0/1.2),2.4,11.7,3.9,3.4,0.8,0.3,1.2,-1.03
166,113.4,Deni Avdija,SF/PF,POR,73,26.4,0.477 (4.4/9.1),0.738 (2.1/2.9),1,11.9,6.5,3.3,0.8,0.4,1.9,-1.06
167,137.9,Ben Simmons,PG/PF,BKN,28,24.9,0.569 (3.0/5.3),0.427 (0.5/1.2),0,6.6,6.6,5.9,1.1,0.6,2.1,-1.07
168,135.9,Shaedon Sharpe,SG/SF,POR,65,31.6,0.434 (5.6/12.9),0.812 (2.8/3.5),1.9,15.9,4.6,2.2,0.8,0.4,1.8,-1.07
169,140,Jonathan Isaac,PF,ORL,55,17.2,0.496 (2.8/5.7),0.704 (1.1/1.5),0.8,7.5,5.1,0.6,1,1.2,0.5,-1.11
170,140,Daniel Theis,C,NO,67,24,0.524 (3.8/7.3),0.759 (1.0/1.3),0.6,9.2,5.7,1.5,0.5,1.1,1,-1.13
171,118.7,Jaime Jaquez Jr.,SG/SF,MIA,73,28,0.489 (4.6/9.3),0.812 (1.9/2.3),0.9,11.9,3.8,2.6,1,0.3,1.5,-1.22
172,139.6,Kevin Huerter,SG/SF,SAC,68,24.8,0.468 (4.5/9.5),0.750 (0.9/1.2),2.2,12,3.2,2.6,0.8,0.3,1,-1.23
173,140,Gary Trent Jr.,SG,MIL,70,30,0.429 (5.3/12.3),0.792 (1.6/2.1),2.4,14.5,2.5,1.6,1.2,0.2,0.7,-1.27
174,138.4,Keldon Johnson,SF,SA,67,27.5,0.453 (6.1/13.4),0.798 (2.8/3.6),1.8,16.7,4.7,2.6,0.7,0.2,1.6,-1.32
175,140.1,Luke Kennard,SG,MEM,60,25.4,0.472 (3.7/7.7),0.914 (0.9/0.9),2.7,10.8,3,2.5,0.6,0.1,1.1,-1.34
176,139.4,Jordan Clarkson,SG,UTA,64,28.6,0.431 (6.3/14.5),0.846 (3.0/3.5),1.9,17.4,3.4,4.3,0.5,0.2,2.6,-1.34
177,140.2,Nick Richards,C,CHA,67,23.2,0.655 (3.5/5.3),0.744 (2.1/2.8),0,9.1,7.4,0.7,0.3,1,1,-1.37
178,139.6,Cole Anthony,PG,ORL,72,21.9,0.444 (4.0/9.0),0.855 (2.2/2.6),1.3,11.5,3.9,3.1,0.7,0.5,1.4,-1.38
179,120,Reed Sheppard,SG,HOU,67,20.2,0.472 (2.2/4.8),0.835 (0.9/1.0),1.3,6.7,2.5,2.4,1.3,0.4,1.1,-1.38
180,140,Jarred Vanderbilt,PF,LAL,65,24.1,0.542 (3.0/5.6),0.688 (1.2/1.7),0.4,7.6,7.1,2.2,1.2,0.3,1.2,-1.42
181,136.5,Andrew Wiggins,SF/PF,GS,70,28.5,0.461 (5.6/12.1),0.711 (1.7/2.4),1.7,14.6,4.7,1.9,0.8,0.6,1.3,-1.42
182,140.2,Bilal Coulibaly,SF,WAS,68,28.5,0.440 (3.6/8.2),0.710 (1.8/2.5),1.2,10.2,4.9,2.1,1.1,0.9,1.6,-1.43
183,136.1,Donovan Clingan,C,POR,67,21.2,0.639 (3.7/5.9),0.608 (1.6/2.7),0.3,9.4,5.2,1.1,0.4,1.7,0.6,-1.5
184,99.3,Russell Westbrook,PG,DEN,72,29.2,0.444 (5.7/12.8),0.668 (2.5/3.7),1,14.8,5.9,5.4,1.2,0.4,3.1,-1.52
185,139.7,Andrew Nembhard,PG/SG,IND,72,28,0.477 (4.1/8.6),0.798 (0.7/0.9),1.2,10,2.6,4.7,1,0.1,1.7,-1.58
186,127.8,Caris LeVert,SG/SF,CLE,69,27.5,0.426 (4.4/10.3),0.746 (1.9/2.5),1.6,12.2,3.7,4.2,1,0.4,1.5,-1.6
187,120.6,Josh Hart,SG/SF,NY,76,28.2,0.456 (3.0/6.6),0.764 (1.2/1.6),0.8,8,7,3.4,0.9,0.2,1.5,-1.6
188,139.9,Caleb Martin,SG/SF,PHI,68,29.6,0.447 (3.9/8.6),0.794 (1.3/1.7),1.3,10.3,4.9,2,0.9,0.5,1.2,-1.62
189,140,Duncan Robinson,SF,MIA,67,26.4,0.447 (4.4/9.8),0.889 (1.1/1.3),2.6,12.5,2.5,2.5,0.6,0.2,1.3,-1.63
190,139.7,Nikola Jovic,PF,MIA,52,25.4,0.443 (3.7/8.4),0.766 (1.2/1.6),1.8,10.4,5.3,2.4,0.8,0.4,1.2,-1.65
191,140,Josh Richardson,SG/SF,MIA,60,25.2,0.436 (3.8/8.7),0.885 (1.2/1.3),1.7,10.4,2.9,2.7,0.9,0.3,1.2,-1.66
192,140.2,Brandon Clarke,PF,MEM,60,19.5,0.642 (4.2/6.6),0.694 (1.6/2.3),0,10.1,5.5,1.3,0.6,0.7,0.9,-1.69
193,139.6,Bennedict Mathurin,SG/SF,IND,68,29,0.443 (5.5/12.5),0.826 (4.4/5.3),1.4,16.8,4.3,1.8,0.7,0.2,1.9,-1.77
194,140,Christian Braun,SG,DEN,79,28.4,0.468 (3.9/8.3),0.730 (1.5/2.1),1,10.4,5.2,2,0.9,0.6,1,-1.78
195,138.4,Zaccharie Risacher,SF/PF,ATL,68,28.4,0.452 (4.8/10.6),0.740 (1.9/2.6),1.4,12.9,3.6,1.4,1.1,0.7,1.5,-1.81
196,140,Peyton Watson,SF,DEN,78,24.5,0.467 (3.7/7.9),0.650 (1.3/2.0),0.8,9.5,4.6,1.5,0.7,1.5,1,-1.82
197,140,Josh Green,SG/SF,CHA,64,28.9,0.472 (4.2/8.9),0.709 (1.1/1.5),1.6,11,3.6,2.3,1,0.3,1.3,-1.83
198,138.7,Andre Drummond,C,PHI,74,18.8,0.575 (3.7/6.5),0.604 (1.7/2.8),0,9.2,9.9,0.6,1,0.7,1.4,-1.9
199,140.1,Nickeil Alexander-Walker,SG,MIN,74,25.8,0.441 (3.4/7.7),0.733 (0.9/1.2),1.8,9.5,2.5,2.9,0.9,0.6,1.2,-1.93
200,140,Isaiah Jackson,PF/C,IND,60,16.5,0.607 (3.1/5.1),0.675 (1.5/2.3),0,7.7,4.8,0.9,0.6,1.4,0.8,-1.99